,Column 1,Column 2,Column 3
0,-,(` million),-
1,Year ended,Year ended,-
2, March,2021,31 March 2020
3,Sale of services ,"96,920.37","88,238.25"
4,Profit / (loss) on cash flow hedges reclassified to revenue ,302.74,197.12
5,"97,223.11","88,435.37",-
6,Reconciliation of revenue recognised with contracted price is as follows:,-,-
7,Year ended,Year ended,-
8, March,2021,31 March 2020
9,Contracted price ,"98,786.01","90,074.30"
10,Reductions towards variable consideration components * ,"1,865.64","1,836.05"
11,-,"88,238.25",-
12,The following table discloses the movement in contract assets:,-,-
13,Year ended,Year ended,-
14, March,2021,31 March 2020
15,-,133.28,-
16,Revenue recognized during the year ,404.08,350.13
17,Invoiced during the year ,186.23,133.28
18,Exchange gain / (loss) ,1.05,36.94
19,Closing balance ,603.87,387.07
20,The following table discloses the movement in unearned revenue balances:,-,-
21,Year ended,Year ended,-
22, March,2021,31 March 2020
23,-,944.01,-
24,the year ,933.73,539.06
25,the year ,970.46,690.66
26,Exchange (gain) / loss ,24.62,40.30
27,Closing balance ,"1,148.02","1,135.91"
28,"contract scope, re-validation of estimates and economic factors.",-,-
29,"contracts where invoicing is on time and material, unit price basis.",-,-
30,"March 2020: ` 15,478.00 million). Out of this, the Group expects to recognize revenue of around 40% (31 March 2020: 34%) within the",-,-
31,66,-,-
