,Column 1,Column 2,Column 3,Column 4,Column 5,Column 6
0,-,-,-,(` million),-,-
1,-,-,-,As at,-,-
2,1 April 2020 Profit and loss,OCI,Others,31 March 2021,-,-
3,Deferred tax asset (net),-,-,-,-,-
4,"Property, plant and equipment and other intangible assets ",312.91,33.35,-,-,279.56
5,Provision for doubtful debts and advances ,186.89,131.59,-,-,318.48
6,Provision for employee benefits ,572.74,77.11,30.79,-,526.42
7,Provision for loss on long-term contract ,16.23,16.23,-,-,-
8,On carried forward long term capital loss ,88.48,47.66,-,-,40.82
9,Derivative (assets) / liabilities ,447.27,-,771.73,-,324.46
10,MAT credit entitlement ,261.52,-,-,261.52,-
11,Others ,271.42,147.15,-,1.33,419.90
12, ,104.39,740.94,260.19,"1,260.72",-
13,Deferred tax liabilities (net),-,-,-,-,-
14,"Property, plant and equipment and other intangible assets ",664.51,139.14,-,57.42,582.79
15,Provision for doubtful debts and advances ,0.27,10.99,-,-,11.26
16,On net operating losses ,736.44,417.33,-,-,319.11
17,Others ,209.52,119.08,-,-,90.44
18, ,148.12,-,57.42,342.86,-
19,Total ,"2,020.14",43.73,740.94,317.61,917.86
20,-,-,-,As at,-,-
21,1 April 2019 Profit and loss,OCI,Others,31 March 2020,-,-
22,Deferred Tax Asset (net),-,-,-,-,-
23,"Property, plant and equipment and other intangible assets ",396.69,83.78,-,-,312.91
24,Provision for doubtful debts and advances ,156.82,30.07,-,-,186.89
25,Provision for employee benefits ,390.17,196.06,13.49,-,572.74
26,Provision for loss on long-term contract ,16.23,-,-,-,16.23
27,Rent equalization reserve ,14.22,14.22,-,-,-
28,On carried forward long term capital loss ,153.26,64.78,-,-,88.48
29,Derivative (assets) / liabilities ,220.11,-,667.38,-,447.27
30,MAT credit entitlement  - ,-,-,261.52,261.52,-
31,Others ,65.02,207.49,-,128.95,271.42
32, ,299.28,653.89,390.47,"2,157.46",-
33,Deferred Tax Liabilities (net),-,-,-,-,-
34,"Property, plant and equipment and other intangible assets ",436.49,228.02,-,-,664.51
35,Provision for doubtful debts and advances ,7.47,7.20,-,-,0.27
36,Provision for employee benefits ,107.88,107.88,-,-,-
37,Rent equalization reserve ,0.83,0.83,-,-,-
38,On net operating losses ,581.94,154.50,-,-,736.44
39,Others ,289.59,80.07,-,-,209.52
40, ,109.36,-,-,137.32,-
41,Total ,785.86,189.92,653.89,390.47,"2,020.14"
42,-,-,-,65,-,-
